crop,avg_days_to_harvest,avg_rainfall_mm,count
cotton,104.53379956178527,549.9034141686701,166585
wheat,104.51490043378351,550.2486782552473,166673
soybean,104.45594503122952,550.4742994895198,166349
